# All type-0x1a secondary-renderer calls from one controlled Endokuken impact. Rows retain the original object-pass order; coordinates are normalized from the alternating 320x240 framebuffer banks.
tick,framebuffer_bank,pass_index,object,token,frame_pointer,source_offset,destination_x,destination_y,x_direction,y_direction,x_scale,x_remainder,y_accumulator,y_scale,output_rows
0,0,0,8808c000,04,88097670,0008,256,140,1,-1,10e9,0af6,1f6f,1170,19
1,1,0,8808c000,04,88097670,0008,257,139,1,-1,10ea,0eec,16ff,11f8,20
2,0,0,8808c000,05,88097778,0008,260,135,1,-1,10f0,0690,2119,1286,23
3,1,0,8808c000,05,88097778,0008,261,134,1,-1,10f1,0be7,1978,130f,23
4,0,0,8808c000,06,88097898,0008,262,134,1,-1,10f1,0c97,2289,1396,26
5,1,0,8808c000,06,88097898,0008,263,133,1,-1,10f2,0a2e,1c38,141f,27
6,0,0,8808c000,07,880979c8,0008,263,136,1,-1,10f0,03e0,23eb,14a4,25
7,1,0,8808c000,07,880979c8,0008,263,135,1,-1,10f1,0f56,1eea,152d,26
8,0,0,8808c000,08,88097aec,0008,264,136,1,-1,10f2,0b9c,24d3,15b6,27
9,1,0,8808c000,08,88097aec,0008,265,135,1,-1,10f3,0972,20b3,163e,27
10,0,0,8808c000,09,88097c30,0008,265,132,1,-1,10f6,08be,1efb,16ca,29
11,1,0,8808c000,09,88097c30,0008,266,131,1,-1,10f8,0968,1c0d,1755,30
11,1,1,8808be00,04,88097670,0008,262,135,1,-1,10ed,034e,12df,1174,19
12,0,0,8808c000,0a,88097d50,0008,267,129,1,-1,10f9,0b4d,21c1,17de,34
12,0,1,8808be00,04,88097670,0008,263,135,1,-1,10ee,00c4,1a7f,11fc,20
13,1,0,8808c000,0a,88097d50,0008,268,128,1,-1,10fa,0e32,20d0,1867,35
13,1,1,8808be00,05,88097778,0008,265,136,1,-1,10ef,0019,2032,1285,23
14,0,0,8808c000,0b,88097ea4,0008,269,125,1,-1,10fa,0098,2166,18ef,34
14,0,1,8808be00,05,88097778,0008,265,136,1,-1,10ee,0f12,17bc,130b,23
15,1,0,8808c000,0b,88097ea4,0008,270,124,1,-1,10fc,0530,22c9,197a,35
15,1,1,8808be00,06,88097898,0008,266,136,1,-1,10ef,0f29,20bb,1394,26
16,0,0,8808c000,0c,88097fec,0008,269,126,1,-1,10fd,088a,20e4,1a03,43
16,0,1,8808be00,06,88097898,0008,268,135,1,-1,10f0,0000,1a6a,141d,27
17,1,0,8808c000,0c,88097fec,0008,270,125,1,-1,10fe,0e6c,22a3,1a8c,44
17,1,1,8808be00,07,880979c8,0008,268,134,1,-1,10f1,0076,14d2,14a5,25
18,0,0,8808c000,0d,880981a0,0008,272,126,1,-1,1100,04d0,29cf,1b18,50
18,0,1,8808be00,07,880979c8,0008,269,134,1,-1,10f2,026c,1fd1,152e,26
19,1,0,8808c000,0d,880981a0,0008,273,124,1,-1,1101,0bc2,1c65,1ba1,51
19,1,1,8808be00,08,88097aec,0008,270,134,1,-1,10f3,04d2,15c9,15b7,27
19,1,2,8808bf00,04,88097670,0008,257,136,1,-1,10ec,07a8,1207,1173,19
20,0,0,8808c000,0e,88098394,0008,273,129,1,-1,1103,0110,2b03,1c2c,54
20,0,1,8808be00,08,88097aec,0008,271,134,1,-1,10f4,07a8,218f,1640,27
20,0,2,8808bf00,04,88097670,0008,258,136,1,-1,10ed,060e,1997,11fb,20
21,1,0,8808c000,0e,88098394,0008,274,127,1,-1,1105,08c0,1d37,1cb8,55
21,1,1,8808be00,09,88097c30,0008,271,133,1,-1,10f5,09e9,1e15,16c9,29
21,1,2,8808bf00,05,88097778,0008,260,137,1,-1,10ee,05c2,1f4b,1284,23
22,0,0,8808c000,0f,880985b8,0008,277,128,1,-1,1106,01c6,22e3,1d42,62
22,0,1,8808be00,09,88097c30,0008,272,132,1,-1,10f7,0d53,1b31,1753,30
22,0,2,8808bf00,05,88097778,0008,261,136,1,-1,10ee,04d2,17bc,130b,23
23,1,0,8808c000,0f,880985b8,0008,278,127,1,-1,1108,0a18,25db,1dce,63
23,1,1,8808be00,0a,88097d50,0008,274,130,1,-1,10f8,0128,20d3,17dc,34
23,1,2,8808bf00,06,88097898,0008,262,136,1,-1,10ef,0429,20bb,1394,26
24,0,0,8808c000,10,88098808,0008,276,130,1,-1,110a,0f8c,2cdf,1e59,72
24,0,1,8808be00,0a,88097d50,0008,275,129,1,-1,10f9,053d,1fe2,1865,35
24,0,2,8808bf00,06,88097898,0008,263,135,1,-1,10f0,03c0,1a6a,141d,27
25,1,0,8808c000,10,88098808,0008,278,128,1,-1,110b,086a,203f,1ee3,73
25,1,1,8808be00,0b,88097ea4,0008,275,125,1,-1,10fa,0888,2166,18ef,34
25,1,2,8808bf00,07,880979c8,0008,263,134,1,-1,10f1,02b6,14d2,14a5,25
26,0,0,8808c000,10,88098808,0008,280,127,1,-1,110d,0176,243f,1f6f,74
26,0,1,8808be00,0b,88097ea4,0008,276,124,1,-1,10fc,0d00,22c9,197a,35
26,0,2,8808bf00,07,880979c8,0008,264,134,1,-1,10f2,02bc,1fd1,152e,26
27,1,0,8808c000,11,88098ab4,0008,280,132,1,-1,110f,09a3,28db,1ffc,81
27,1,1,8808be00,0c,88097fec,0008,275,126,1,-1,10fd,0fba,20e4,1a03,43
27,1,2,8808bf00,08,88097aec,0008,265,134,1,-1,10f3,02f2,15c9,15b7,27
27,1,3,8808c100,04,88097670,0008,255,135,1,-1,0ece,0cd4,12f7,0f55,17
28,0,0,8808c000,11,88098ab4,0008,282,131,1,-1,1111,030d,2c87,2088,83
28,0,1,8808be00,0c,88097fec,0008,277,125,1,-1,10fe,049c,22a3,1a8c,44
28,0,2,8808bf00,08,88097aec,0008,266,134,1,-1,10f4,0358,218f,1640,27
28,0,3,8808c100,04,88097670,0008,256,135,1,-1,0ecf,08ca,1a7f,0fde,17
29,1,0,8808c000,11,88098ab4,0008,283,130,1,-1,1113,0c97,30f3,2114,84
29,1,1,8808be00,0d,880981a0,0008,278,126,1,-1,1100,0990,29cf,1b18,50
29,1,2,8808bf00,09,88097c30,0008,266,133,1,-1,10f5,02f9,1e15,16c9,29
29,1,3,8808c100,05,88097778,0008,258,135,1,-1,0ed0,03b0,1259,1066,20
30,0,0,8808c000,12,88098da0,0008,286,122,1,-1,1115,0756,2adf,21a1,84
30,0,1,8808be00,0d,880981a0,0008,279,124,1,-1,1101,0eb2,1c65,1ba1,51
30,0,2,8808bf00,09,88097c30,0008,267,132,1,-1,10f7,0383,1b31,1753,30
30,0,3,8808c100,05,88097778,0008,258,135,1,-1,0ed0,0ff0,1ac1,10ee,21
31,1,0,8808c000,12,88098da0,0008,288,120,1,-1,1117,0132,223f,222e,85
31,1,1,8808be00,0e,88098394,0008,279,129,1,-1,1103,01e0,2b03,1c2c,54
31,1,2,8808bf00,0a,88097d50,0008,268,130,1,-1,10f8,0448,20d3,17dc,34
31,1,3,8808c100,06,88097898,0008,259,134,1,-1,0ed1,0c47,13c9,1176,24
32,0,0,8808c000,12,88098da0,0008,289,119,1,-1,1119,0b2e,2a5f,22ba,86
32,0,1,8808be00,0e,88098394,0008,280,127,1,-1,1105,0730,1d37,1cb8,55
32,0,2,8808bf00,0a,88097d50,0008,269,129,1,-1,10f9,051d,1fe2,1865,35
32,0,3,8808c100,06,88097898,0008,260,134,1,-1,0ed2,08ae,1d78,11ff,24
33,1,0,8808c000,13,880990e0,0008,292,122,1,-1,111b,0655,2c91,2347,97
33,1,1,8808be00,0f,880985b8,0008,282,128,1,-1,1106,0db6,22e3,1d42,62
33,1,2,8808bf00,0b,88097ea4,0008,269,125,1,-1,10fa,0528,2166,18ef,34
33,1,3,8808c100,07,880979c8,0008,260,133,1,-1,0ed2,067c,17e0,1287,23
34,0,0,8808c000,13,880990e0,0008,294,120,1,-1,111d,0093,24f7,23d4,98
34,0,1,8808be00,0f,880985b8,0008,284,127,1,-1,1108,0338,25db,1dce,63
34,0,2,8808bf00,0b,88097ea4,0008,270,124,1,-1,10fc,0630,22c9,197a,35
34,0,3,8808c100,07,880979c8,0008,261,133,1,-1,0ed3,0312,22df,1310,23
35,1,0,8808c000,13,880990e0,0008,295,119,1,-1,111f,0ae1,2e0d,2461,100
35,1,1,8808be00,10,88098808,0008,282,130,1,-1,110a,05bc,2cdf,1e59,72
35,1,2,8808bf00,0c,88097fec,0008,269,126,1,-1,10fd,054a,20e4,1a03,43
35,1,3,8808c100,08,88097aec,0008,261,133,1,-1,0ed4,0fb8,1aff,1398,24
35,1,4,8808c200,04,88097670,0008,254,134,1,-1,0cb1,0b56,13df,0d38,14
36,0,0,8808c000,13,880990e0,0008,297,117,1,-1,1122,052e,279d,24f1,101
36,0,1,8808be00,10,88098808,0008,283,128,1,-1,110b,0b6a,203f,1ee3,73
36,0,2,8808bf00,0c,88097fec,0008,270,125,1,-1,10fe,067c,22a3,1a8c,44
36,0,3,8808c100,08,88097aec,0008,262,132,1,-1,0ed5,0c7e,16c5,1421,25
36,0,4,8808c200,04,88097670,0008,255,134,1,-1,0cb1,03b6,1b6f,0dc0,15
37,1,0,8808c000,14,880993dc,0008,298,97,1,-1,1124,0fac,2e13,257e,79
37,1,1,8808be00,10,88098808,0008,285,127,1,-1,110d,0136,243f,1f6f,74
37,1,2,8808bf00,0d,880981a0,0008,271,126,1,-1,1100,07b0,29cf,1b18,50
37,1,3,8808c100,09,88097c30,0008,262,132,1,-1,0ed6,0a7e,234b,14aa,27
37,1,4,8808c200,05,88097778,0008,256,134,1,-1,0cb2,08ce,1567,0e48,17
38,0,0,8808c000,14,880993dc,0008,300,95,1,-1,1126,0a3a,2da7,260c,80
38,0,1,8808be00,11,88098ab4,0008,285,132,1,-1,110f,05f3,28db,1ffc,81
38,0,2,8808bf00,0d,880981a0,0008,272,124,1,-1,1101,0902,1c65,1ba1,51
38,0,3,8808c100,09,88097c30,0008,263,131,1,-1,0ed8,0748,2067,1534,27
38,0,4,8808c200,05,88097778,0008,257,134,1,-1,0cb2,014e,1dcf,0ed0,18
39,1,0,8808c000,14,880993dc,0008,302,93,1,-1,1129,04d7,2dd7,269c,82
39,1,1,8808be00,11,88098ab4,0008,286,131,1,-1,1111,0bdd,2c87,2088,83
39,1,2,8808bf00,0e,88098394,0008,271,129,1,-1,1103,0860,2b03,1c2c,54
39,1,3,8808c100,0a,88097d50,0008,264,129,1,-1,0ed9,043d,23ea,15bd,31
39,1,4,8808c200,06,88097898,0008,257,133,1,-1,0cb3,09d5,16d7,0f58,21
40,0,0,8808c000,14,880993dc,0008,303,91,1,-1,112b,0f95,2eeb,272a,83
40,0,1,8808be00,11,88098ab4,0008,288,130,1,-1,1113,01d7,30f3,2114,84
40,0,2,8808bf00,0e,88098394,0008,272,127,1,-1,1105,09c0,1d37,1cb8,55
40,0,3,8808c100,0a,88097d50,0008,265,128,1,-1,0ed9,013d,22f9,1646,32
40,0,4,8808c200,06,88097898,0008,258,132,1,-1,0cb4,026c,1086,0fe1,21
41,1,0,8808c000,15,880995ec,0008,308,69,1,-1,112d,0dea,2e5f,27b8,59
41,1,1,8808be00,12,88098da0,0008,290,122,1,-1,1115,08e6,2adf,21a1,84
41,1,2,8808bf00,0f,880985b8,0008,274,128,1,-1,1106,0c36,22e3,1d42,62
41,1,3,8808c100,0b,88097ea4,0008,264,124,1,-1,0eda,0f58,2046,16cf,31
41,1,4,8808c200,07,880979c8,0008,257,132,1,-1,0cb4,0e48,1aee,1069,20
42,0,0,8808c000,15,880995ec,0008,310,67,1,-1,1130,08d0,353f,2848,60
42,0,1,8808be00,12,88098da0,0008,291,120,1,-1,1117,0f02,223f,222e,85
42,0,2,8808bf00,0f,880985b8,0008,275,127,1,-1,1108,0dc8,25db,1dce,63
42,0,3,8808c100,0b,88097ea4,0008,265,123,1,-1,0edc,0c60,21a9,175a,32
42,0,4,8808c200,07,880979c8,0008,258,131,1,-1,0cb5,06fe,15ed,10f2,21
43,1,0,8808c000,15,880995ec,0008,312,64,1,-1,1133,03b6,2cdd,28d9,61
43,1,1,8808be00,12,88098da0,0008,293,119,1,-1,1119,052e,2a5f,22ba,86
43,1,2,8808bf00,10,88098808,0008,273,130,1,-1,110a,0c2c,2cdf,1e59,72
43,1,3,8808c100,0c,88097fec,0008,264,125,1,-1,0edd,0bca,2404,17e3,40
43,1,4,8808c200,08,88097aec,0008,258,132,1,-1,0cb6,0fa4,202b,117a,21
43,1,5,8808c300,04,88097670,0008,253,133,1,-1,0a93,0d12,14cf,0b1a,12
44,0,0,8808c000,15,880995ec,0008,313,62,1,-1,1135,0eca,3531,2967,62
44,0,1,8808be00,13,880990e0,0008,295,122,1,-1,111b,0c75,2c91,2347,97
44,0,2,8808bf00,10,88098808,0008,274,128,1,-1,110b,0dca,203f,1ee3,73
44,0,3,8808c100,0c,88097fec,0008,265,124,1,-1,0ede,08dc,25ba,186d,41
44,0,4,8808c200,08,88097aec,0008,259,131,1,-1,0cb7,085a,1bf1,1203,22
44,0,5,8808c300,04,88097670,000d,254,132,1,-1,0a94,0168,1801,0ba2,13
45,1,0,8808be00,13,880990e0,0008,297,120,1,-1,111d,02c3,24f7,23d4,98
45,1,1,8808bf00,10,88098808,0008,275,127,1,-1,110d,0f76,243f,1f6f,74
45,1,2,8808c100,0d,880981a0,0008,266,124,1,-1,0ee0,0610,1f0f,18f8,46
45,1,3,8808c200,09,88097c30,0008,259,130,1,-1,0cb7,0473,1881,128b,24
45,1,4,8808c300,05,88097778,0008,255,133,1,-1,0a94,006c,186c,0c2b,15
46,0,0,8808be00,13,880990e0,0008,298,119,1,-1,111f,0921,2e0d,2461,100
46,0,1,8808bf00,11,88098ab4,0008,276,132,1,-1,110f,0023,28db,1ffc,81
46,0,2,8808c100,0d,880981a0,0008,267,123,1,-1,0ee0,0350,21a5,1981,47
46,0,3,8808c200,09,88097c30,0008,259,129,1,-1,0cb9,0d3d,159d,1315,25
46,0,4,8808c300,05,88097778,0008,255,132,1,-1,0a94,04dc,10dd,0cb2,15
47,1,0,8808be00,13,880990e0,0008,299,117,1,-1,1122,0f7e,279d,24f1,101
47,1,1,8808bf00,11,88098ab4,0008,277,131,1,-1,1111,01dd,2c87,2088,83
47,1,2,8808c100,0e,88098394,0008,266,127,1,-1,0ee2,02d0,26a3,1a0c,50
47,1,3,8808c200,0a,88097d50,0008,260,127,1,-1,0cba,0602,1701,139e,28
47,1,4,8808c300,06,88097898,0008,255,132,1,-1,0a95,0953,19e5,0d3a,18
48,0,0,8808be00,14,880993dc,0008,301,97,1,-1,1124,05fc,2e13,257e,79
48,0,1,8808bf00,11,88098ab4,0008,278,130,1,-1,1113,0397,30f3,2114,84
48,0,2,8808c100,0e,88098394,0008,267,126,1,-1,0ee4,0000,28e4,1a97,51
48,0,3,8808c200,0a,88097d50,0008,260,126,1,-1,0cba,0ef2,1610,1427,28
48,0,4,8808c300,06,88097898,0008,255,131,1,-1,0a96,0dba,1394,0dc3,18
49,1,0,8808be00,14,880993dc,0008,302,95,1,-1,1126,0c7a,2da7,260c,80
49,1,1,8808bf00,12,88098da0,0008,280,122,1,-1,1115,0686,2adf,21a1,84
49,1,2,8808c100,0f,880985b8,0008,268,126,1,-1,0ee5,0c35,20b1,1b21,57
49,1,3,8808c200,0b,88097ea4,0008,260,123,1,-1,0cbb,0b0c,1f1f,14b0,28
49,1,4,8808c300,07,880979c8,0008,255,131,1,-1,0a96,07b4,1dfc,0e4b,17
50,0,0,8808be00,14,880993dc,0008,304,93,1,-1,1129,02f7,2dd7,269c,82
50,0,1,8808bf00,12,88098da0,0008,281,120,1,-1,1117,0852,223f,222e,85
50,0,2,8808c100,0f,880985b8,0008,269,125,1,-1,0ee7,0987,23a9,1bad,58
50,0,3,8808c200,0b,88097ea4,0008,261,122,1,-1,0cbd,03e4,2082,153b,29
50,0,4,8808c300,07,880979c8,0008,255,130,1,-1,0a97,0c2a,1904,0ed3,18
51,1,0,8808be00,14,880993dc,0008,305,91,1,-1,112b,0995,2eeb,272a,83
51,1,1,8808bf00,12,88098da0,0008,282,119,1,-1,1119,0a3e,2a5f,22ba,86
51,1,2,8808c100,10,88098808,0008,267,127,1,-1,0ee8,0a30,1eef,1c38,67
51,1,3,8808c200,0c,88097fec,0008,260,123,1,-1,0cbd,035a,171b,15c4,36
51,1,4,8808c300,08,88097aec,0008,256,130,1,-1,0a97,00ba,1557,0f5c,19
51,1,5,8808c000,04,88097670,0008,252,132,1,-1,0876,0fe4,15b7,08fd,10
52,0,0,8808be00,15,880995ec,0008,310,69,1,-1,112d,03ca,2e5f,27b8,59
52,0,1,8808bf00,13,880990e0,0008,284,122,1,-1,111b,0d45,2c91,2347,97
52,0,2,8808c100,10,88098808,0008,268,126,1,-1,0ee9,078e,224f,1cc2,68
52,0,3,8808c200,0c,88097fec,0008,260,122,1,-1,0cbe,0c4c,18da,164d,37
52,0,4,8808c300,08,88097aec,0008,256,129,1,-1,0a98,0540,1127,0fe4,19
52,0,5,8808c000,04,88097670,000d,253,131,1,-1,0876,0014,16cc,0985,10
53,1,0,8808be00,15,880995ec,0008,311,67,1,-1,1130,0a80,353f,2848,60
53,1,1,8808bf00,13,880990e0,0008,285,120,1,-1,111d,0f53,24f7,23d4,98
53,1,2,8808c100,10,88098808,0008,269,125,1,-1,0eeb,050a,264f,1d4e,69
53,1,3,8808c200,0d,880981a0,0008,261,123,1,-1,0cc0,0540,244f,16d8,42
53,1,4,8808c300,09,88097c30,0008,255,129,1,-1,0a99,0f3d,1dad,106d,21
53,1,5,8808c000,05,88097778,000b,253,131,1,-1,0877,08d1,1587,0a0d,12
54,0,0,8808be00,15,880995ec,0008,313,64,1,-1,1133,0156,2cdd,28d9,61
54,0,1,8808bf00,13,880990e0,0008,287,119,1,-1,111f,0161,2e0d,2461,100
54,0,2,8808c100,11,88098ab4,0008,269,129,1,-1,0eed,0389,2161,1dda,76
54,0,3,8808c200,0d,880981a0,0008,261,122,1,-1,0cc0,0e50,26e5,1761,43
54,0,4,8808c300,09,88097c30,0008,256,128,1,-1,0a9a,03e2,1ac9,10f7,22
54,0,5,8808c000,05,88097778,0008,253,131,1,-1,0877,0911,13eb,0a94,13
55,1,0,8808be00,15,880995ec,0008,314,62,1,-1,1135,083a,3531,2967,62
55,1,1,8808bf00,13,880990e0,0008,288,117,1,-1,1122,036e,279d,24f1,101
55,1,2,8808c100,11,88098ab4,0008,270,128,1,-1,0eee,0116,250d,1e66,77
55,1,3,8808c200,0e,88098394,0008,260,125,1,-1,0cc2,0dd0,2243,17ec,46
55,1,4,8808c300,0a,88097d50,0008,256,126,1,-1,0a9b,0887,1a18,117f,25
55,1,5,8808c000,06,88097898,000b,253,130,1,-1,0877,0961,180f,0b1c,15
56,0,0,8808bf00,14,880993dc,0008,289,97,1,-1,1124,059c,2e13,257e,79
56,0,1,8808c100,11,88098ab4,0008,270,127,1,-1,0ef0,0ea0,2979,1ef2,79
56,0,2,8808c200,0e,88098394,0008,261,124,1,-1,0cc3,06e0,2484,1877,47
56,0,3,8808c300,0a,88097d50,0008,256,125,1,-1,0a9b,0d37,1927,1208,25
56,0,4,8808c000,06,88097898,0008,253,130,1,-1,0878,09b8,16a2,0ba5,16
57,1,0,8808bf00,14,880993dc,0008,290,95,1,-1,1126,07ca,2da7,260c,80
57,1,1,8808c100,12,88098da0,0008,272,120,1,-1,0ef2,0b1c,2d0f,1f7e,78
57,1,2,8808c200,0f,880985b8,0008,262,124,1,-1,0cc4,0cc4,1e7f,1900,53
57,1,3,8808c300,0b,88097ea4,0008,256,122,1,-1,0a9c,0740,1df8,1291,25
57,1,4,8808c000,07,880979c8,0008,253,129,1,-1,0878,0190,110a,0c2d,15
58,0,0,8808bf00,14,880993dc,0008,291,93,1,-1,1129,09f7,2dd7,269c,82
58,0,1,8808c100,12,88098da0,0008,273,118,1,-1,0ef4,08a8,246f,200b,80
58,0,2,8808c200,0f,880985b8,0008,263,123,1,-1,0cc6,05d6,2177,198c,54
58,0,3,8808c300,0b,88097ea4,0008,256,121,1,-1,0a9d,0bf4,1f62,131b,26
58,0,4,8808c000,07,880979c8,0008,253,129,1,-1,0879,01e6,1c12,0cb5,15
59,1,0,8808bf00,14,880993dc,0008,292,91,1,-1,112b,0c45,2eeb,272a,83
59,1,1,8808c100,12,88098da0,0008,274,117,1,-1,0ef5,0656,2c8f,2097,81
59,1,2,8808c200,10,88098808,0008,261,125,1,-1,0cc7,08a2,20ff,1a17,61
59,1,3,8808c300,0c,88097fec,0008,255,122,1,-1,0a9e,0b6c,1a3b,13a4,33
59,1,4,8808c000,08,88097aec,0008,253,129,1,-1,0879,0246,1a8d,0d3d,16
60,0,0,8808bf00,15,880995ec,0008,297,69,1,-1,112d,021a,2e5f,27b8,59
60,0,1,8808c100,13,880990e0,0008,276,119,1,-1,0ef7,02f9,2307,2124,91
60,0,2,8808c200,10,88098808,0008,262,124,1,-1,0cc8,01d0,245f,1aa1,63
60,0,3,8808c300,0c,88097fec,0008,256,121,1,-1,0a9e,003c,1bfa,142d,34
60,0,4,8808c000,08,88097aec,0008,253,128,1,-1,087a,029c,1653,0dc6,17
61,1,0,8808bf00,15,880995ec,0008,298,67,1,-1,1130,0480,353f,2848,60
61,1,1,8808c100,13,880990e0,0008,277,118,1,-1,0ef9,00a7,2b6d,21b1,92
61,1,2,8808c200,10,88098808,0008,262,123,1,-1,0cc9,0afe,286f,1b2c,64
61,1,3,8808c300,0d,880981a0,0008,256,121,1,-1,0aa0,04f0,198f,14b8,38
61,1,4,8808c000,09,88097c30,0008,252,127,1,-1,087a,0a92,12e3,0e4e,18
62,0,0,8808bf00,15,880995ec,0008,299,64,1,-1,1133,06d6,2cdd,28d9,61
62,0,1,8808c100,13,880990e0,0008,277,116,1,-1,0efb,0e65,2483,223e,94
62,0,2,8808c200,11,88098ab4,0008,262,127,1,-1,0ccb,075f,29e7,1bb8,71
62,0,3,8808c300,0d,880981a0,0008,256,120,1,-1,0aa0,09c0,1c25,1541,39
62,0,4,8808c000,09,88097c30,000c,252,126,1,-1,087b,0ae7,1ed7,0ed8,19
63,1,0,8808bf00,15,880995ec,0008,300,62,1,-1,1135,095a,3531,2967,62
63,1,1,8808c100,13,880990e0,0008,278,115,1,-1,0efd,0c23,2e25,22cd,95
63,1,2,8808c200,11,88098ab4,0008,263,125,1,-1,0ccc,009c,1d93,1c44,72
63,1,3,8808c300,0e,88098394,0008,255,123,1,-1,0aa1,0940,1df0,15cb,42
63,1,4,8808c000,0a,88097d50,0008,252,125,1,-1,087c,0b4c,1d2f,0f60,22
64,0,0,8808c100,14,880993dc,0008,279,95,1,-1,0eff,09f1,237b,235a,75
64,0,1,8808c200,11,88098ab4,0008,263,124,1,-1,0cce,09c6,21ff,1cd0,73
64,0,2,8808c300,0e,88098394,0008,255,122,1,-1,0aa3,0e00,2031,1656,43
64,0,3,8808c000,0a,88097d50,0008,252,124,1,-1,087c,0bcc,1c3e,0fe9,22
65,1,0,8808c100,14,880993dc,0008,280,94,1,-1,0f01,07bf,3319,23e7,76
65,1,1,8808c200,12,88098da0,0008,264,117,1,-1,0ccf,0fe2,1f2f,1d5c,73
65,1,2,8808c300,0f,880985b8,0008,256,122,1,-1,0aa3,0d83,1c3f,16e0,48
65,1,3,8808c000,0b,88097ea4,0008,252,121,1,-1,087d,03b4,1cd1,1072,22
66,0,0,8808c100,14,880993dc,0008,281,92,1,-1,0f03,059d,3349,2477,77
66,0,1,8808c200,12,88098da0,0008,265,116,1,-1,0cd1,091e,269f,1de8,74
66,0,2,8808c300,0f,880985b8,0008,257,121,1,-1,0aa5,0245,1f45,176b,49
66,0,3,8808c000,0b,88097ea4,0008,252,120,1,-1,087e,0428,1e3b,10fc,23
67,1,0,8808c100,14,880993dc,0008,282,90,1,-1,0f05,038b,3467,2504,78
67,1,1,8808c200,12,88098da0,0008,266,114,1,-1,0cd2,027c,1ebf,1e74,76
67,1,2,8808c300,10,88098808,0008,255,123,1,-1,0aa6,0734,230f,17f6,56
67,1,3,8808c000,0c,88097fec,0008,251,121,1,-1,087e,03ac,1d5b,1184,29
68,0,0,8808c100,15,880995ec,0008,285,69,1,-1,0f07,0e8e,32ab,2592,56
68,0,1,8808c200,13,880990e0,0008,267,117,1,-1,0cd4,089c,298f,1f00,85
68,0,2,8808c300,10,88098808,0008,255,122,1,-1,0aa6,0c24,267f,187f,58
68,0,3,8808c000,0c,88097fec,0008,251,120,1,-1,087f,041e,1f1a,120d,30
69,1,0,8808c100,15,880995ec,0008,286,66,1,-1,0f0a,0c84,298b,2622,57
69,1,1,8808c200,13,880990e0,0008,268,115,1,-1,0cd5,020b,21f5,1f8d,86
69,1,2,8808c300,10,88098808,0008,256,120,1,-1,0aa8,00f0,1a7f,190b,59
69,1,3,8808c000,0d,880981a0,0008,251,120,1,-1,0880,0490,1ecf,1298,34
70,0,0,8808c100,15,880995ec,0008,287,64,1,-1,0f0c,0a88,312b,26b2,58
70,0,1,8808c200,13,880990e0,0008,268,114,1,-1,0cd7,0b69,2b0b,201a,88
70,0,2,8808c300,11,88098ab4,0008,255,124,1,-1,0aa9,0b35,226d,1996,65
70,0,3,8808c000,0d,880981a0,0008,251,119,1,-1,0880,0520,2165,1321,35
71,1,0,8808c100,15,880995ec,0008,288,61,1,-1,0f0e,089c,297f,2740,58
71,1,1,8808c200,13,880990e0,0008,269,112,1,-1,0cd9,04c7,24bf,20a8,89
71,1,2,8808c300,11,88098ab4,0008,256,123,1,-1,0aaa,0022,2619,1a22,66
71,1,3,8808c000,0e,88098394,0008,250,121,1,-1,0881,04a0,1990,13ab,38
72,0,0,8808c200,14,880993dc,0008,269,94,1,-1,0cdb,0e35,28ed,2135,70
72,0,1,8808c300,11,88098ab4,0008,256,122,1,-1,0aab,050f,2a98,1aad,68
72,0,2,8808c000,0e,88098394,0008,250,120,1,-1,0882,0520,1bde,1435,39
73,1,0,8808c200,14,880993dc,0008,270,92,1,-1,0cdc,07c4,288b,21c2,71
73,1,1,8808c300,12,88098da0,0008,257,115,1,-1,0aad,0496,215f,1b39,68
73,1,2,8808c000,0f,880985b8,0008,250,120,1,-1,0883,0e23,1a0d,14bf,44
74,0,0,8808c200,14,880993dc,0008,271,90,1,-1,0cde,0142,28bb,2252,72
74,0,1,8808c300,12,88098da0,0008,257,114,1,-1,0aae,0994,28cf,1bc5,69
74,0,2,8808c000,0f,880985b8,0008,250,119,1,-1,0884,0eb4,1d13,154a,45
75,1,0,8808c200,14,880993dc,0008,271,88,1,-1,0ce0,0ac0,29d9,22df,74
75,1,1,8808c300,12,88098da0,0008,257,112,1,-1,0aaf,0ea2,20ef,1c51,70
75,1,2,8808c000,10,88098808,0008,249,121,1,-1,0885,05b6,252f,15d4,51
76,0,0,8808c200,15,880995ec,0008,274,68,1,-1,0ce1,0b02,26f7,236c,53
76,0,1,8808c300,13,880990e0,0008,258,114,1,-1,0ab0,0e50,2005,1cdd,79
76,0,2,8808c000,10,88098808,0008,249,119,1,-1,0885,0656,188f,165e,53
77,1,0,8808c200,15,880995ec,0008,275,66,1,-1,0ce4,0488,2dd7,23fc,53
77,1,1,8808c300,13,880990e0,0008,259,113,1,-1,0ab2,034e,287d,1d69,80
77,1,2,8808c000,10,88098808,0008,249,118,1,-1,0886,06f4,1c9f,16e9,54
78,0,0,8808c200,15,880995ec,0008,275,63,1,-1,0ce6,0e2c,2577,248c,54
78,0,1,8808c300,13,880990e0,0008,259,111,1,-1,0ab3,086d,2193,1df6,82
78,0,2,8808c000,11,88098ab4,0008,248,121,1,-1,0887,0efb,1af3,1774,60
79,1,0,8808c200,15,880995ec,0008,276,61,1,-1,0ce7,07de,2dcb,251a,55
79,1,1,8808c300,13,880990e0,0008,259,110,1,-1,0ab5,0d7b,2b47,1e84,83
79,1,2,8808c000,11,88098ab4,0008,248,120,1,-1,0888,0f98,1eb2,17ff,61
80,0,0,8808c300,14,880993dc,0008,260,93,1,-1,0ab6,029a,2e55,1f11,66
80,0,1,8808c000,11,88098ab4,0008,249,119,1,-1,0889,0035,231e,188b,62
81,1,0,8808c300,14,880993dc,0008,260,91,1,-1,0ab7,07b9,2df3,1f9e,67
81,1,1,8808c000,12,88098da0,0008,249,113,1,-1,088a,096c,238f,1916,62
82,0,0,8808c300,14,880993dc,0008,260,89,1,-1,0ab9,0cd7,2e37,202c,68
82,0,1,8808c000,12,88098da0,0008,249,111,1,-1,088b,0a1a,1aff,19a2,64
83,1,0,8808c300,14,880993dc,0008,261,87,1,-1,0aba,0206,2f55,20b9,69
83,1,1,8808c000,12,88098da0,0008,249,110,1,-1,088c,0ab8,231f,1a2e,65
84,0,0,8808c300,15,880995ec,0008,263,68,1,-1,0abc,0768,2b41,2147,49
84,0,1,8808c000,13,880990e0,0008,250,112,1,-1,088d,0403,267b,1aba,73
85,1,0,8808c300,15,880995ec,0008,263,65,1,-1,0abe,0c9c,2223,21d6,50
85,1,1,8808c000,13,880990e0,0008,250,110,1,-1,088e,04b2,1ef3,1b46,75
86,0,0,8808c300,15,880995ec,0008,264,63,1,-1,0abf,01de,29c3,2266,51
86,0,1,8808c000,13,880990e0,0008,250,109,1,-1,088f,0571,281b,1bd2,76
87,1,0,8808c300,15,880995ec,0008,264,61,1,-1,0ac1,0722,3219,22f3,52
87,1,1,8808c000,13,880990e0,0008,250,107,1,-1,0891,061f,21cf,1c60,78
88,0,0,8808c000,14,880993dc,0008,250,91,1,-1,0892,06de,23c7,1cec,61
89,1,0,8808c000,14,880993dc,0008,250,89,1,-1,0893,07ad,2365,1d79,62
90,0,0,8808c000,14,880993dc,0008,250,87,1,-1,0894,086c,23a9,1e07,63
91,1,0,8808c000,14,880993dc,0008,250,85,1,-1,0895,093b,24c7,1e94,64
92,0,0,8808c000,15,880995ec,0008,252,67,1,-1,0896,03dc,1f8d,1f21,46
93,1,0,8808c000,15,880995ec,0008,252,65,1,-1,0898,04a0,266f,1fb0,47
94,0,0,8808c000,15,880995ec,0008,252,63,1,-1,0899,0582,2e11,203f,48
95,1,0,8808c000,15,880995ec,0008,252,60,1,-1,089a,0664,2665,20cd,49
